{"version":1,"hash":{"type":"Buffer","data":"pR0v/Hnm5pxQ2SY7kToVKN8lXF4kvGopee8oFW4/a4vVE63ZObqBzevONMAhiUPiG/HK6dEpdDOaPEs7kaJ9NMToWTjGnTz0F6yvfeVLAKcPh5zR8pQxJOPzHruBs8CQbPN4XLz6mzhxXnYLFz7A3akbo4S60Fp7yJ3yxCDUhmY="},"indexValueMap":{"d0mVVLhm6InkPDG6bJanHTY6XoYtkaKlY2+u8AiI2HQ=":{"valueMac":{"type":"Buffer","data":"FTk5LeIxN/WnXd5+6qYhfdAZPYHaxM0Z/3aHYTDci8Y="}},"4eH37lSvT8KA1iuDCsyJOeWX8CctxPwIrPiapjCkZ8U=":{"valueMac":{"type":"Buffer","data":"eA16ibQ0z50FRAlmc6ZfqJ/BufilW2KFxV2DlRibVik="}},"tC6dYAu4wyDS/K1uFFyBIjrkHXm1VE4hO451Eb6SDzE=":{"valueMac":{"type":"Buffer","data":"QqBm1AnXjsTUlDU77EYDCkI63dzniJhaSjTLj6pFS1A="}},"hoxHNX3sEHjMnEUgvzVYmBngKfU2KjwWPNhZbJl4FmA=":{"valueMac":{"type":"Buffer","data":"fPF8/3LZaW3ggVCoWqMpfC2izvhPaX2gRJteab5X9MU="}},"4SO89+yxKquE9ZuD4Qkr0PPslxZTKCuKcu6luCtjSaE=":{"valueMac":{"type":"Buffer","data":"tGz7nZL+FEzC9Mv7xnl1DWA2OExJ9A6qk78BFcYMAJM="}}}}