{"noiseKey":{"private":{"type":"Buffer","data":"ALikz59cmmmTMnuIC0KK/kZFdUTjHh7cTlyyNS1mgX8="},"public":{"type":"Buffer","data":"eku7P8OZfqjiWf5VQ3XswXYUg1xZ3Vn2l7JlwGfvOT0="}},"pairingEphemeralKeyPair":{"private":{"type":"Buffer","data":"yMvNmbl3/r/e3TU4u20LObgj2DdHxEltRDo0FWzkUVU="},"public":{"type":"Buffer","data":"B5MDqNX9PsmEPCc8/+yoMpAC6Ux7Rfk+z4vk/dLoYnM="}},"signedIdentityKey":{"private":{"type":"Buffer","data":"4CL295KbCJQdZKrBsvKduTeQSAJUis4QX0icAvHrLGc="},"public":{"type":"Buffer","data":"ePxagZ8ojQBiTwPeEWoEEPko8/rOW4Eofk/9Ld2x+g4="}},"signedPreKey":{"keyPair":{"private":{"type":"Buffer","data":"YHxTAr/GlxgABd+C0LR4f/zYgqiGnS/RhRBDUvBHHk4="},"public":{"type":"Buffer","data":"SiL7QuXgB74RFcRnXOWnxgAwO/dXFD2Sbat9Ug6e2Rw="}},"signature":{"type":"Buffer","data":"oTsvAw7JyHU46aiXm5k2WoZ2BzsjurDhFu9BvQ4wkj5G1A9Dl0qnxKrATSvd/+/c6JBJj47/RZQKKtkz25uLDQ=="},"keyId":1},"registrationId":250,"advSecretKey":"pRpfOGd9VXHuNvyaypXvVScXzh1h+RhzwarlENMy2ts=","processedHistoryMessages":[],"nextPreKeyId":31,"firstUnuploadedPreKeyId":31,"accountSyncCounter":1,"accountSettings":{"unarchiveChats":false},"deviceId":"5JVTF9kyS9S-akmHT0vrSA","phoneId":"48d5e26d-8a3b-4e01-a867-0d132682cd8c","identityId":{"type":"Buffer","data":"4MGw6YBX5Z6KPtBULnUV71x/iJU="},"registered":true,"backupToken":{"type":"Buffer","data":"WYqPXUEa3GX7gpBSm5Zm7EK+G7c="},"registration":{},"pairingCode":"KSWWBEST","me":{"id":"17022132348:13@s.whatsapp.net","name":"Meowbot"},"account":{"details":"CIbc/dQCEIGO+KoGGAI=","accountSignatureKey":"MWCIjHhxiJZjvoG13IpD21fDkT+DvpRAEFpKhc7CPEg=","accountSignature":"QmyBiD1ib9FaekfH9ijBh9vyLKLowdfT3ZWglqWztcuow86L68MG7KYd7Gme53SfQYqmCiU9MdkgvCgiZ+waCQ==","deviceSignature":"GaUvtS1q7kZa90XVC8v+Iun3sJP/KbfelqYHdtUawavCeuWSSDSx5+jNsPmA4mk0eI0btn0diAuqCydDYdpkBw=="},"signalIdentities":[{"identifier":{"name":"17022132348:13@s.whatsapp.net","deviceId":0},"identifierKey":{"type":"Buffer","data":"BTFgiIx4cYiWY76BtdyKQ9tXw5E/g76UQBBaSoXOwjxI"}}],"platform":"android","lastAccountSyncTimestamp":1700660997,"myAppStateKeyId":"AAAAAHrR"}