[{"senderKeyId":516333931,"senderChainKey":{"iteration":4347,"seed":"tJclc6y3fBAtdPaWdxvSd8jRHEj+dZ5loRkCHEn0yBs="},"senderSigningKey":{"public":"Be+bH16/RIQMSTnlzJspILZp2kYEyhLbxED9+HN1tONl"},"senderMessageKeys":[{"iteration":4343,"seed":"NuULa0qXFNojBMlv96u2a1vsIL6gYkQk5pm84XqxqgY="},{"iteration":4345,"seed":"kGHXITyDFAgyZO0qBGvvmhuowY2wKX4uVw51c3hfeX0="}]},{"senderKeyId":516333931,"senderChainKey":{"iteration":4345,"seed":"DAUPVJDDNv+B35vY/OPwKScP7qWfQB6WgF2JsuPcxgM="},"senderSigningKey":{"public":"Be+bH16/RIQMSTnlzJspILZp2kYEyhLbxED9+HN1tONl"}}]