{"_sessions":{"BTRdjaUvr7VE6G/I7CQT5hN/9wBzOmoUSt+m2KmKCnUv":{"registrationId":238500446,"currentRatchet":{"ephemeralKeyPair":{"pubKey":"BdFeM1qW9MJSzkxB9lDqtlxUHpZnaTW90r4DSzsF7uFg","privKey":"oDvvYt1v2h5Lm4Wa9yHtg9iM2X7woPY8dPPPrvyXEVo="},"lastRemoteEphemeralKey":"BVOLIXNEyVXaZ1Th1HvdDy0A6LL6C3xGMwv1cKHoegAC","previousCounter":0,"rootKey":"foQHxPQUmq8XcT2+LgQo6dVXkR9bQwHRe2NADuMzvJI="},"indexInfo":{"baseKey":"BTRdjaUvr7VE6G/I7CQT5hN/9wBzOmoUSt+m2KmKCnUv","baseKeyType":2,"closed":-1,"used":1700661015145,"created":1700661015145,"remoteIdentityKey":"BWt3jdHns3I30sMTwDcyWLLMxA2f0D9M+O2TeXOMh3Ea"},"_chains":{"BVOLIXNEyVXaZ1Th1HvdDy0A6LL6C3xGMwv1cKHoegAC":{"chainKey":{"counter":0,"key":"LiugJPyHx+Pbf7+7vepszEKkXigQ6EIXr6oS2bfQpMg="},"chainType":2,"messageKeys":{}},"BdFeM1qW9MJSzkxB9lDqtlxUHpZnaTW90r4DSzsF7uFg":{"chainKey":{"counter":-1,"key":"xaXGLeg4x4M91eiZk+kmZJEuYOfIAiImuKQFkKWXRmY="},"chainType":1,"messageKeys":{}}}}},"version":"v1"}