{"_sessions":{"BSwjzqOqyg4JofM7GcUI2vi4myr0zhuFa66q6zbQCBB8":{"registrationId":19,"currentRatchet":{"ephemeralKeyPair":{"pubKey":"BdznOrdpbf9i2IHlXN/L51V/+yow8ka94R36ebHKvvVK","privKey":"WGcCwP1TSJo0P1Z0V2K86p7FMqV4vtymNcO+Jt7+92s="},"lastRemoteEphemeralKey":"BXYs6cp2X6YTtQAlt/+0HsMMOe+iqwpOZvChVmqjFOtz","previousCounter":0,"rootKey":"SdfXAKJr/+y3yUeQXRzJFHM5CdnpWZL6huEM8eew8wU="},"indexInfo":{"baseKey":"BSwjzqOqyg4JofM7GcUI2vi4myr0zhuFa66q6zbQCBB8","baseKeyType":1,"closed":-1,"used":1700660999297,"created":1700660999297,"remoteIdentityKey":"BWJoDR65CiEo8gyDORKAsloy84jjmmpL/1LMcqQENqpp"},"_chains":{"BdznOrdpbf9i2IHlXN/L51V/+yow8ka94R36ebHKvvVK":{"chainKey":{"counter":0,"key":"RIWN/G6qMN/aeaRDfbNb/CyfPF07X7s8rMk92PsLreU="},"chainType":1,"messageKeys":{}}},"pendingPreKey":{"signedKeyId":1,"baseKey":"BSwjzqOqyg4JofM7GcUI2vi4myr0zhuFa66q6zbQCBB8"}}},"version":"v1"}