{"_sessions":{"BbtemKFl2vUKOzZBJDHTzjOM9e/vGmECKeNNWFEcWn5i":{"registrationId":148,"currentRatchet":{"ephemeralKeyPair":{"pubKey":"BU1EQ0IAzJG+sy09y0gaC5fYGutt3qoTDaKOTkNdbJ87","privKey":"wLwsvTl/cSiK7Ugplia/z0D/JnjtAkrcaF7oZr0iDHM="},"lastRemoteEphemeralKey":"BfraYvxgOKvtWEOUKh2h59t1CyWpih4xpCXpZ2pcGnFa","previousCounter":0,"rootKey":"uym66GbJVgRpPA4fq1AZiVfjstu6zspcNB3XvGJsahY="},"indexInfo":{"baseKey":"BbtemKFl2vUKOzZBJDHTzjOM9e/vGmECKeNNWFEcWn5i","baseKeyType":1,"closed":-1,"used":1700660999289,"created":1700660999289,"remoteIdentityKey":"BS0zVf7keWjNwCJ6EHhw98OviABlmVS2TampX3PqBrRg"},"_chains":{"BU1EQ0IAzJG+sy09y0gaC5fYGutt3qoTDaKOTkNdbJ87":{"chainKey":{"counter":0,"key":"yt7mygiJGE5Frcs6NTmU3UovfoESmyeu/SpkhdnvWaE="},"chainType":1,"messageKeys":{}}},"pendingPreKey":{"signedKeyId":1,"baseKey":"BbtemKFl2vUKOzZBJDHTzjOM9e/vGmECKeNNWFEcWn5i"}}},"version":"v1"}