{"_sessions":{"BRR7ezBJnMOvn9R+m+fiBtKRPjnWCQx4HTch09URQtcn":{"registrationId":2069149307,"currentRatchet":{"ephemeralKeyPair":{"pubKey":"BTP/njFM8Uc4/Rvwt2xDmfgLubDhdQO0bmkCPvqXIdc1","privKey":"aCm7RkaozY0O0pV7AnkdzkFriE/dhlxPi174SQf59VI="},"lastRemoteEphemeralKey":"BbJAfn7n67pd0LPQExF2EkhsOQr7yRZBYSUNpWuLWOpS","previousCounter":0,"rootKey":"Cp7AU+gNWzHtsPG/q5VPbT3oQ8ydoPvwUTB2eSvSOVk="},"indexInfo":{"baseKey":"BRR7ezBJnMOvn9R+m+fiBtKRPjnWCQx4HTch09URQtcn","baseKeyType":1,"closed":-1,"used":1700660999308,"created":1700660999308,"remoteIdentityKey":"BcgDYdmUz/MD6Y/GoDqheVS3z3qVjGD+/JdMVfBTARBs"},"_chains":{"BTP/njFM8Uc4/Rvwt2xDmfgLubDhdQO0bmkCPvqXIdc1":{"chainKey":{"counter":0,"key":"lqEkdd/j8xU9R5FEx7snkrTicHgcRCqNf7u2f4L/G+o="},"chainType":1,"messageKeys":{}}},"pendingPreKey":{"signedKeyId":2,"baseKey":"BRR7ezBJnMOvn9R+m+fiBtKRPjnWCQx4HTch09URQtcn","preKeyId":151145}}},"version":"v1"}