{"_sessions":{"BbnahWMXHhKm2Lz2usay7zt1W2dHIpbN1rBzJi7NHPth":{"registrationId":1614529772,"currentRatchet":{"ephemeralKeyPair":{"pubKey":"BUWkTgZvYBaiacxu4FbNYbd4wHR8wWpGQlgRfHKHLtdl","privKey":"2KACjvTD+A0LbWLvjf9TRs76+p1qxfkUdNioQF1flGM="},"lastRemoteEphemeralKey":"BdGtzhQAs89qwbSz6aeVGkCvUHppxoT5PNN2mNk1LiZO","previousCounter":0,"rootKey":"EWglXiLIsthxUt2QumOTz5zyPGq0z5MTbnFLnz0hhl0="},"indexInfo":{"baseKey":"BbnahWMXHhKm2Lz2usay7zt1W2dHIpbN1rBzJi7NHPth","baseKeyType":2,"closed":-1,"used":1700661015137,"created":1700660997269,"remoteIdentityKey":"BTFgiIx4cYiWY76BtdyKQ9tXw5E/g76UQBBaSoXOwjxI"},"_chains":{"Bbd2Q1FArlaVsF250YwD/aMK83Hlyvd3zs5I2nmmSjkJ":{"chainKey":{"counter":1},"chainType":2,"messageKeys":{}},"BdGtzhQAs89qwbSz6aeVGkCvUHppxoT5PNN2mNk1LiZO":{"chainKey":{"counter":1,"key":"nlmj9VqqviXgsX/OfRrWfRw8rWI6qwV8/+ov6dy1JDc="},"chainType":2,"messageKeys":{}},"BUWkTgZvYBaiacxu4FbNYbd4wHR8wWpGQlgRfHKHLtdl":{"chainKey":{"counter":-1,"key":"vEJbtqrIcHQlG0BKgCvYHuVYAlRRkd/ZrsayKZAwgBw="},"chainType":1,"messageKeys":{}}}}},"version":"v1"}