{"_sessions":{"BVRBVqsXqBatD9m/iulUGkKvU4RTA9IUsd8Bo6GsZ5tu":{"registrationId":39,"currentRatchet":{"ephemeralKeyPair":{"pubKey":"BbDDLZMzLipTbPXjq2+aSY8yV6RXQWYGlC13grb2hmgJ","privKey":"MG6rAOEENw8BPPgnuLWSi2YnKWennjsrbgmtDayuaGY="},"lastRemoteEphemeralKey":"BZMkBxlmmwRZJVx8A0aEe34LZ+Ty4Xduf05nQ4wMDQZO","previousCounter":0,"rootKey":"ClT3AL+G4kMe8KjsDGNSm/e/pS6cb5Ua1XN6f903Y9M="},"indexInfo":{"baseKey":"BVRBVqsXqBatD9m/iulUGkKvU4RTA9IUsd8Bo6GsZ5tu","baseKeyType":1,"closed":-1,"used":1700660999280,"created":1700660999280,"remoteIdentityKey":"BZjynwM938EUexnWHeThqAofr21R7QqanzxeOxb6Hicg"},"_chains":{"BbDDLZMzLipTbPXjq2+aSY8yV6RXQWYGlC13grb2hmgJ":{"chainKey":{"counter":0,"key":"fSna4YhwS6AHtyvLU1pA814mPlAqZGYRP6o90mUMGKw="},"chainType":1,"messageKeys":{}}},"pendingPreKey":{"signedKeyId":1,"baseKey":"BVRBVqsXqBatD9m/iulUGkKvU4RTA9IUsd8Bo6GsZ5tu","preKeyId":22}}},"version":"v1"}