{"_sessions":{"BaKC71pOHcyaheL0QbcEj+7+MNdP6XpJSD1lo9CfGywe":{"registrationId":169,"currentRatchet":{"ephemeralKeyPair":{"pubKey":"Be+sgAnb0jxTnLqeiSeRbdYfHl1d3aKoAfWGOB4Vee5U","privKey":"OAu2NBKPOIrJK/Mx6OJPtW7txmMdQi8Q1HosHudcvn4="},"lastRemoteEphemeralKey":"BX4R4b+Y5jIMp4r/ZNthpc1MJsvEU/+0yjbGrs1hyisa","previousCounter":0,"rootKey":"3Te2omMAOpzh9kvuL6vq8K57Jqh6P/ts6442APO40L0="},"indexInfo":{"baseKey":"BaKC71pOHcyaheL0QbcEj+7+MNdP6XpJSD1lo9CfGywe","baseKeyType":2,"closed":1700661015309,"used":1700661015160,"created":1700661015160,"remoteIdentityKey":"BRXc23mgeTxSsjFByQWS3Ivkn+oyjrbcsZTOTzjA6ZRC"},"_chains":{"BX4R4b+Y5jIMp4r/ZNthpc1MJsvEU/+0yjbGrs1hyisa":{"chainKey":{"counter":0,"key":"kubjg1+57hYGb/WjA4xHHTCsbCufgAilZyza4lvVZhk="},"chainType":2,"messageKeys":{}},"Be+sgAnb0jxTnLqeiSeRbdYfHl1d3aKoAfWGOB4Vee5U":{"chainKey":{"counter":-1,"key":"bNcODcn9az92XxxzzhNFBTdkBaneHadr+tHGvS8jaiI="},"chainType":1,"messageKeys":{}}}},"BZNwt8MJ3IdHSKKpD+eJbxQmtkUoOBI6YrQLjba6dvxp":{"registrationId":169,"currentRatchet":{"ephemeralKeyPair":{"pubKey":"BWDJs9LIOCTeDdkcQY9Dohh6dROk1m83/NGOv/uWFwUL","privKey":"6DuWWgqMVph2LKfLehVHTtIxEW6WZqbtHtb7+Ued4WQ="},"lastRemoteEphemeralKey":"BcmFBP9cIvLt+UmNni17hj00B3eUYRokiZDyQNE6lbcN","previousCounter":0,"rootKey":"4/ynJAhgwy1cXRCLvECZuLS2UIjEGh/S68gMMAUrf9g="},"indexInfo":{"baseKey":"BZNwt8MJ3IdHSKKpD+eJbxQmtkUoOBI6YrQLjba6dvxp","baseKeyType":2,"closed":-1,"used":1700661015317,"created":1700661015317,"remoteIdentityKey":"BRXc23mgeTxSsjFByQWS3Ivkn+oyjrbcsZTOTzjA6ZRC"},"_chains":{"BcmFBP9cIvLt+UmNni17hj00B3eUYRokiZDyQNE6lbcN":{"chainKey":{"counter":0,"key":"WTtqM1lwd9ThOlucgyXIXHA5ldPdRE9xllTIWAE0kqQ="},"chainType":2,"messageKeys":{}},"BWDJs9LIOCTeDdkcQY9Dohh6dROk1m83/NGOv/uWFwUL":{"chainKey":{"counter":-1,"key":"dQQiqg/el06DwKLq0a5DWdG8rm36VJ27Is6Fm2pq/Wc="},"chainType":1,"messageKeys":{}}}}},"version":"v1"}