{"_sessions":{"Bc9dLH7YfQH+rl0xzin+PCseR/C9AjgSHHvZrJ4VkQt9":{"registrationId":218,"currentRatchet":{"ephemeralKeyPair":{"pubKey":"Bc9lt+RZPWDJH2Tw23i+apCCnUAWgTfr2qf/rAVA+rZi","privKey":"yB7xi/7JTvxaop2cAAuG8xZmmoYzTAf7/dNpLKIRvXE="},"lastRemoteEphemeralKey":"BTVl4Pe8dLMvpNEuEQ/fJPO6I7N6cilt+f0WKQj+zIoY","previousCounter":0,"rootKey":"fr4a6ZNSWE4WhRK31OtyJnxLUOSdG+Iw40v7hosTQ1Y="},"indexInfo":{"baseKey":"Bc9dLH7YfQH+rl0xzin+PCseR/C9AjgSHHvZrJ4VkQt9","baseKeyType":2,"closed":1700661000149,"used":1700660999802,"created":1700660999802,"remoteIdentityKey":"BXXHTqu1XUaOfWFqn1ZbHrt6N3+nCl6YT9dvTVCgbZw0"},"_chains":{"BTVl4Pe8dLMvpNEuEQ/fJPO6I7N6cilt+f0WKQj+zIoY":{"chainKey":{"counter":0,"key":"mNUQntr1VDlGlWn8NgwFHs0gpjX93IzOl08+fine8G8="},"chainType":2,"messageKeys":{}},"Bc9lt+RZPWDJH2Tw23i+apCCnUAWgTfr2qf/rAVA+rZi":{"chainKey":{"counter":-1,"key":"k3AYldJkSfV1/pnymbwemGXEnJRvtyrieVUG1QetnvQ="},"chainType":1,"messageKeys":{}}}},"BSSsQ+VuMnjMXiSQ2vIx8Cl90vj3ipjqlQ64jQ7aFZIS":{"registrationId":218,"currentRatchet":{"ephemeralKeyPair":{"pubKey":"BeM1S0Mg03/F4KP4mIrimmE2SbC0+Yuz7MdJrxJQB3AK","privKey":"gHva+FehCx5ZtyUMRi1wtFEdUMUpFyLGX/YxmWN1fGI="},"lastRemoteEphemeralKey":"Bbsc8M609u8qDK/FBukbwl91MeMBqKwBWdxZoX+smxQF","previousCounter":0,"rootKey":"FpZOb9jtAhllstcbWKgTrrkD8BcQf3jWVCiM2KdxwKQ="},"indexInfo":{"baseKey":"BSSsQ+VuMnjMXiSQ2vIx8Cl90vj3ipjqlQ64jQ7aFZIS","baseKeyType":2,"closed":-1,"used":1700661000157,"created":1700661000157,"remoteIdentityKey":"BXXHTqu1XUaOfWFqn1ZbHrt6N3+nCl6YT9dvTVCgbZw0"},"_chains":{"Bbsc8M609u8qDK/FBukbwl91MeMBqKwBWdxZoX+smxQF":{"chainKey":{"counter":0,"key":"/PHYecZjl7oFqWBhnaeUNsLPgJjcHO7xCIX9ASPGFUA="},"chainType":2,"messageKeys":{}},"BeM1S0Mg03/F4KP4mIrimmE2SbC0+Yuz7MdJrxJQB3AK":{"chainKey":{"counter":-1,"key":"i1WHpUDSgClJ6eLqXhYjmWn/kLKlTlYazeITpDjkJwI="},"chainType":1,"messageKeys":{}}}}},"version":"v1"}